{
  "Logistic Regression": {
    "mean": {
      "auc": 0.9367628288252279,
      "pr_auc": 0.9470705683917288,
      "f1": 0.8639522287000727,
      "recall": 0.8237970463249393,
      "precision": 0.9082280472052547,
      "accuracy": 0.8702772943071697,
      "log_loss": 0.3305425917850119,
      "mcc": 0.7437784529618277,
      "brier": 0.09768247094760309
    },
    "std": {
      "auc": 0.0009083307214178094,
      "pr_auc": 0.0005417263368605337,
      "f1": 0.0013186049936501848,
      "recall": 0.0024177061357687703,
      "precision": 0.0010575313917518456,
      "accuracy": 0.0011079519058573122,
      "log_loss": 0.0020050849697734415,
      "mcc": 0.0020896716595914682,
      "brier": 0.000645392159954814
    }
  },
  "Linear SVM": {
    "mean": {
      "auc": 0.9217863639239315,
      "pr_auc": 0.9388242450315186,
      "f1": 0.861030892763942,
      "recall": 0.8185452988182099,
      "precision": 0.9081729039602721,
      "accuracy": 0.8678895664463324,
      "log_loss": 0.336016881132513,
      "mcc": 0.7393911977446878,
      "brier": 0.10145301411634264
    },
    "std": {
      "auc": 0.0011005336257055105,
      "pr_auc": 0.0006580927499076362,
      "f1": 0.0013249907184518846,
      "recall": 0.0022920534038740137,
      "precision": 0.0010848112749586374,
      "accuracy": 0.0011270431579546562,
      "log_loss": 0.0018700600700586793,
      "mcc": 0.002141800489755656,
      "brier": 0.0007587292157352545
    }
  },
  "Random Forest": {
    "mean": {
      "auc": 0.9369756813625433,
      "pr_auc": 0.9413502164651157,
      "f1": 0.8668408294970804,
      "recall": 0.8375635658181615,
      "precision": 0.8982463279653464,
      "accuracy": 0.8713385054533174,
      "log_loss": 0.4327853395859783,
      "mcc": 0.7443824884286121,
      "brier": 0.09739440869050602
    },
    "std": {
      "auc": 0.0004250321023241511,
      "pr_auc": 0.0004805120012728177,
      "f1": 0.0005516058551072148,
      "recall": 0.0017990894417889555,
      "precision": 0.0018015887336280355,
      "accuracy": 0.0005339184840001278,
      "log_loss": 0.005141712094425744,
      "mcc": 0.0011280818552320475,
      "brier": 0.0004262649881597034
    }
  },
  "Gradient Boosting": {
    "mean": {
      "auc": 0.94935147886515,
      "pr_auc": 0.9561881589455423,
      "f1": 0.8808143924986375,
      "recall": 0.8649921279352579,
      "precision": 0.8972312846399726,
      "accuracy": 0.8829554337258572,
      "log_loss": 0.2815788382627395,
      "mcc": 0.7664095852724329,
      "brier": 0.08612450836150883
    },
    "std": {
      "auc": 0.00044740105558002175,
      "pr_auc": 0.0004356870149176711,
      "f1": 0.0009644366385224413,
      "recall": 0.0017277896516728767,
      "precision": 0.0017642168371174245,
      "accuracy": 0.0009569168640773052,
      "log_loss": 0.0015031086407638816,
      "mcc": 0.0019274301659630674,
      "brier": 0.0005134869005008208
    }
  }
}