{
  "Logistic Regression": {
    "mean": {
      "auc": 0.9677133255200003,
      "pr_auc": 0.9710211029402069,
      "f1": 0.9073055345987775,
      "recall": 0.8818963130711562,
      "precision": 0.934225145961457,
      "accuracy": 0.9099014436080225,
      "log_loss": 0.2342638931792572,
      "mcc": 0.8210940080484376,
      "brier": 0.0660146678298352
    },
    "std": {
      "auc": 0.0005541549822641214,
      "pr_auc": 0.0005902758144992205,
      "f1": 0.001009419793088236,
      "recall": 0.001410340389467787,
      "precision": 0.0015636722688464038,
      "accuracy": 0.0009866469078361109,
      "log_loss": 0.0025487686357817305,
      "mcc": 0.00199134664852342,
      "brier": 0.0005870471697992149
    }
  },
  "Linear SVM": {
    "mean": {
      "auc": 0.966288711649128,
      "pr_auc": 0.9698338466843964,
      "f1": 0.9044624438204337,
      "recall": 0.8823015764557249,
      "precision": 0.9277671708925643,
      "accuracy": 0.9068034558992775,
      "log_loss": 0.23665904890755468,
      "mcc": 0.8145870658773899,
      "brier": 0.06801342298893977
    },
    "std": {
      "auc": 0.0005123846008519145,
      "pr_auc": 0.000545618768646374,
      "f1": 0.0008914088350131766,
      "recall": 0.0013376893952715561,
      "precision": 0.0011981896942660215,
      "accuracy": 0.0008561882957915939,
      "log_loss": 0.002285692742068939,
      "mcc": 0.0017094665384671942,
      "brier": 0.0005471195107732185
    }
  },
  "Random Forest": {
    "mean": {
      "auc": 0.9692724951152117,
      "pr_auc": 0.9701519437639099,
      "f1": 0.912084924550012,
      "recall": 0.914142105755575,
      "precision": 0.9100383679058897,
      "accuracy": 0.9118859912058145,
      "log_loss": 0.3670990647248807,
      "mcc": 0.823781628304415,
      "brier": 0.06456190438766118
    },
    "std": {
      "auc": 0.0006049977237418726,
      "pr_auc": 0.0005442167755112413,
      "f1": 0.0011489176822347005,
      "recall": 0.0009390427389652527,
      "precision": 0.0017360384349431176,
      "accuracy": 0.0011978458076340895,
      "log_loss": 0.00861306080560846,
      "mcc": 0.0023915056476496548,
      "brier": 0.0007103987711005958
    }
  },
  "Gradient Boosting": {
    "mean": {
      "auc": 0.9762020767222509,
      "pr_auc": 0.9779393788860654,
      "f1": 0.921880971639181,
      "recall": 0.9156085825119573,
      "precision": 0.9282411514051324,
      "accuracy": 0.9224124623706853,
      "log_loss": 0.19631618645563323,
      "mcc": 0.8449042664448397,
      "brier": 0.05739603857654792
    },
    "std": {
      "auc": 0.0003630277119087952,
      "pr_auc": 0.00040956834616540224,
      "f1": 0.0008930424871271427,
      "recall": 0.001138458423409858,
      "precision": 0.0012023403067419015,
      "accuracy": 0.0008912659096059481,
      "log_loss": 0.0008430152748914211,
      "mcc": 0.0017842895253956145,
      "brier": 0.0006362055488420502
    }
  }
}