{
  "2005-2010": {
    "Logistic Regression": {
      "auc": 0.9609251370646184,
      "pr_auc": 0.9654702641532185,
      "f1": 0.9044286939641552,
      "recall": 0.9046328908154971,
      "precision": 0.9042245892760427,
      "accuracy": 0.9044071164092838,
      "log_loss": 0.2710224525282015,
      "mcc": 0.8088143152757071,
      "brier": 0.07508577972599605
    },
    "Linear SVM": {
      "auc": 0.9595395585345952,
      "pr_auc": 0.9641642593002081,
      "f1": 0.9013382432189689,
      "recall": 0.9063036214214757,
      "precision": 0.8964269763287182,
      "accuracy": 0.9007947259098709,
      "log_loss": 0.27365702270182507,
      "mcc": 0.8016381094105148,
      "brier": 0.07751732521361945
    },
    "Random Forest": {
      "auc": 0.95687213475192,
      "pr_auc": 0.9579601402178295,
      "f1": 0.8926957250259056,
      "recall": 0.9141605707576989,
      "precision": 0.8722157597690751,
      "accuracy": 0.8901155964959813,
      "log_loss": 0.3790947071391224,
      "mcc": 0.781134959022202,
      "brier": 0.0787434273459217
    },
    "Gradient Boosting": {
      "auc": 0.9662419438826896,
      "pr_auc": 0.9688150197385554,
      "f1": 0.9049783889100397,
      "recall": 0.9123543755079924,
      "precision": 0.8977207091127205,
      "accuracy": 0.9042039194436918,
      "log_loss": 0.2343533672495722,
      "mcc": 0.808515265255693,
      "brier": 0.06999321023873324
    }
  },
  "2010-2015": {
    "Logistic Regression": {
      "auc": 0.9693129419650923,
      "pr_auc": 0.9715752400123614,
      "f1": 0.9157489479810189,
      "recall": 0.9174922754908801,
      "precision": 0.9140122329017396,
      "accuracy": 0.915588557759394,
      "log_loss": 0.24543249093749187,
      "mcc": 0.8311831401907505,
      "brier": 0.06518269736868251
    },
    "Linear SVM": {
      "auc": 0.9680624712891791,
      "pr_auc": 0.9706595695079547,
      "f1": 0.9118539831321251,
      "recall": 0.9192066181600718,
      "precision": 0.9046180405697022,
      "accuracy": 0.9111432273497458,
      "log_loss": 0.24532973834610827,
      "mcc": 0.8223934028483899,
      "brier": 0.06746175623644252
    },
    "Random Forest": {
      "auc": 0.9659776029246017,
      "pr_auc": 0.9668747547563704,
      "f1": 0.9076649401959724,
      "recall": 0.9205023422705073,
      "precision": 0.89518067617866,
      "accuracy": 0.9063590152496761,
      "log_loss": 0.3831499584185102,
      "mcc": 0.8130433677357322,
      "brier": 0.06769610197196843
    },
    "Gradient Boosting": {
      "auc": 0.9744470290799259,
      "pr_auc": 0.9763017316488104,
      "f1": 0.921075127731059,
      "recall": 0.9235722117013855,
      "precision": 0.9185915102008446,
      "accuracy": 0.9208611581780125,
      "log_loss": 0.20206674186769877,
      "mcc": 0.8417346896290766,
      "brier": 0.05901151798958935
    }
  },
  "2015-2020": {
    "Logistic Regression": {
      "auc": 0.9731792840640489,
      "pr_auc": 0.9752321358900351,
      "f1": 0.9206201344068135,
      "recall": 0.9117427404120723,
      "precision": 0.9296721017738756,
      "accuracy": 0.9213855818653077,
      "log_loss": 0.21949673155758562,
      "mcc": 0.8429279365915746,
      "brier": 0.05916201561584556
    },
    "Linear SVM": {
      "auc": 0.9722221919330816,
      "pr_auc": 0.9744281574804067,
      "f1": 0.9181481563275251,
      "recall": 0.9132071050974535,
      "precision": 0.9231429671077952,
      "accuracy": 0.9185886453162295,
      "log_loss": 0.22004473409959233,
      "mcc": 0.8372257857872814,
      "brier": 0.060987742092261044
    },
    "Random Forest": {
      "auc": 0.9705056792126711,
      "pr_auc": 0.9704222465644236,
      "f1": 0.9162776176404388,
      "recall": 0.9239994728287133,
      "precision": 0.9086837557603686,
      "accuracy": 0.9155720540643442,
      "log_loss": 0.3785455014903129,
      "mcc": 0.8312621913033389,
      "brier": 0.061580657874699234
    },
    "Gradient Boosting": {
      "auc": 0.9774118537167137,
      "pr_auc": 0.9792365416511419,
      "f1": 0.9260390973014763,
      "recall": 0.9208657324019974,
      "precision": 0.9312709178686728,
      "accuracy": 0.9264522836767268,
      "log_loss": 0.19403997149542657,
      "mcc": 0.8529578098827894,
      "brier": 0.054753308970303956
    }
  },
  "2018-2025": {
    "Logistic Regression": {
      "auc": 0.9731331585146797,
      "pr_auc": 0.9751176444951414,
      "f1": 0.9195624532713619,
      "recall": 0.9084399698908543,
      "precision": 0.9309606687944152,
      "accuracy": 0.9205353782461423,
      "log_loss": 0.21645495818419241,
      "mcc": 0.8413169600139846,
      "brier": 0.059195558354591886
    },
    "Linear SVM": {
      "auc": 0.9721946178733533,
      "pr_auc": 0.9743045673817865,
      "f1": 0.9175482309389905,
      "recall": 0.9095408355287918,
      "precision": 0.9256978692841752,
      "accuracy": 0.9182677832141513,
      "log_loss": 0.21815825807205377,
      "mcc": 0.8366630160034307,
      "brier": 0.06093812572289676
    },
    "Random Forest": {
      "auc": 0.9717319942623918,
      "pr_auc": 0.9718868117603596,
      "f1": 0.9159942248657842,
      "recall": 0.9222901768912307,
      "precision": 0.9097836478220919,
      "accuracy": 0.9154168234851336,
      "log_loss": 0.3460395350935936,
      "mcc": 0.8309121602244853,
      "brier": 0.061395894053349345
    },
    "Gradient Boosting": {
      "auc": 0.9788241145646901,
      "pr_auc": 0.9802870748636858,
      "f1": 0.9273449192432806,
      "recall": 0.9240684983063605,
      "precision": 0.9306446569189512,
      "accuracy": 0.9276016183665788,
      "log_loss": 0.18473958290982306,
      "mcc": 0.855224588429625,
      "brier": 0.053459804620542735
    }
  }
}