{
  "auc_with_semantics": 0.9762020767222509,
  "auc_without_semantics": 0.94935147886515,
  "semantic_contribution": 0.026850597857100866
}