{
  "Logistic Regression": {
    "auc": 0.9694221558979028,
    "pr_auc": 0.9713819255184221,
    "f1": 0.9209962468184236,
    "mcc": 0.8440079108477265
  },
  "Linear SVM": {
    "auc": 0.9676274099522496,
    "pr_auc": 0.9706311935858551,
    "f1": 0.9177464303157411,
    "mcc": 0.837372017103964
  },
  "Random Forest": {
    "auc": 0.9647049367277287,
    "pr_auc": 0.9629498400829635,
    "f1": 0.903334525545437,
    "mcc": 0.8019987461899128
  },
  "Gradient Boosting": {
    "auc": 0.9799377873239401,
    "pr_auc": 0.9812983254174256,
    "f1": 0.9274454086276254,
    "mcc": 0.8524484445175028
  }
}