{
  "Logistic Regression": {
    "auc": 0.6123662306777645,
    "pr_auc": 0.6448272816156931,
    "f1": 0.6588235294117647,
    "mcc": 0.0,
    "log_loss": 2.596802634840448
  },
  "Linear SVM": {
    "auc": 0.4423305588585018,
    "pr_auc": 0.4825794575513322,
    "f1": 0.6588235294117647,
    "mcc": 0.0,
    "log_loss": 1.0366150493405604
  },
  "Random Forest": {
    "auc": 0.6111771700356718,
    "pr_auc": 0.6163841662677352,
    "f1": 0.7368421052631579,
    "mcc": 0.39581954742018827,
    "log_loss": 0.7633208428221818
  },
  "Gradient Boosting": {
    "auc": 0.6593341260404281,
    "pr_auc": 0.5948096039589716,
    "f1": 0.7368421052631579,
    "mcc": 0.39581954742018827,
    "log_loss": 6.218649469080728
  }
}