{
  "AUC_S": 0.5204733455882353,
  "AUC_N": 0.5615579044117647,
  "AUC_SN": 0.5951746323529411
}