{
  "AUC_S": 0.46118997954596086,
  "AUC_N": 0.5864733321182418,
  "AUC_SN": 0.5983896663223908
}