{
  "Logistic Regression": {
    "auc": 0.5169444444444444,
    "pr_auc": 0.583554646631594,
    "f1": 0.24,
    "mcc": 0.07559289460184546,
    "log_loss": 0.6656287723691793
  },
  "Linear SVM": {
    "auc": 0.49,
    "pr_auc": 0.5742961571558242,
    "f1": 0.40384615384615385,
    "mcc": -0.03458572319330373,
    "log_loss": 0.681861814791155
  },
  "Random Forest": {
    "auc": 0.6747222222222222,
    "pr_auc": 0.72162319742951,
    "f1": 0.6299212598425197,
    "mcc": 0.2181564290630409,
    "log_loss": 0.6118365375017135
  },
  "Gradient Boosting": {
    "auc": 0.6256944444444443,
    "pr_auc": 0.6564892333691881,
    "f1": 0.6119402985074627,
    "mcc": 0.1371182340382122,
    "log_loss": 0.7476580480197993
  }
}