{
  "AUC_S": 0.5204892392392392,
  "AUC_N": 0.5003649482816149,
  "AUC_SN": 0.5401818485151818
}