{
  "Logistic Regression": {
    "auc": 0.5359001040582727,
    "pr_auc": 0.5582954125195028,
    "f1": 0.4642857142857143,
    "mcc": 0.032879797461071454,
    "log_loss": 0.6922093446712695
  },
  "Linear SVM": {
    "auc": 0.4599375650364204,
    "pr_auc": 0.4616368802485049,
    "f1": 0.5079365079365079,
    "mcc": 0.0,
    "log_loss": 0.6976111639373607
  },
  "Random Forest": {
    "auc": 0.668054110301769,
    "pr_auc": 0.610718161207948,
    "f1": 0.5666666666666667,
    "mcc": 0.16162704595880897,
    "log_loss": 0.631108363295159
  },
  "Gradient Boosting": {
    "auc": 0.6061394380853278,
    "pr_auc": 0.5856432672874299,
    "f1": 0.5806451612903226,
    "mcc": 0.16129032258064516,
    "log_loss": 0.7849071105304567
  }
}