{
  "AUC_S": 0.4765432098765432,
  "AUC_N": 0.5314814814814814,
  "AUC_SN": 0.5296296296296297
}