{
  "Logistic Regression": {
    "auc": 0.5,
    "pr_auc": 0.5659276039820396,
    "f1": 0.48484848484848486,
    "mcc": -0.06262242910851495,
    "log_loss": 0.6961053311411279
  },
  "Linear SVM": {
    "auc": 0.45703125,
    "pr_auc": 0.5502294143808613,
    "f1": 0.37037037037037035,
    "mcc": -0.0657951694959769,
    "log_loss": 0.698654297885978
  },
  "Random Forest": {
    "auc": 0.6875,
    "pr_auc": 0.6493544440769841,
    "f1": 0.6486486486486487,
    "mcc": 0.19738550848793068,
    "log_loss": 0.6918501847081182
  },
  "Gradient Boosting": {
    "auc": 0.611328125,
    "pr_auc": 0.5614215406869196,
    "f1": 0.6285714285714286,
    "mcc": 0.19088542889273333,
    "log_loss": 1.1491780835838525
  }
}