{
  "Logistic Regression": {
    "auc": 0.6478277585544021,
    "pr_auc": 0.6159477645181656,
    "f1": 0.6901408450704225,
    "mcc": 0.2212488394343549,
    "log_loss": 1.6603422034411726
  },
  "Linear SVM": {
    "auc": 0.6397539407920031,
    "pr_auc": 0.5971178295329398,
    "f1": 0.6754966887417219,
    "mcc": 0.1414213562373095,
    "log_loss": 0.9335790176196872
  },
  "Random Forest": {
    "auc": 0.7489427143406382,
    "pr_auc": 0.6811501286449585,
    "f1": 0.6407766990291263,
    "mcc": 0.27456258919345766,
    "log_loss": 1.9833860898574327
  },
  "Gradient Boosting": {
    "auc": 0.7945021145713187,
    "pr_auc": 0.7089001469806424,
    "f1": 0.8034188034188035,
    "mcc": 0.5744269579035528,
    "log_loss": 4.053562831942883
  }
}