{
  "AUC_S": 0.5363341204250295,
  "AUC_N": 0.7213892168437623,
  "AUC_SN": 0.7337859110586383
}