{
  "Logistic Regression": {
    "auc": 0.5224913494809689,
    "pr_auc": 0.6004914817438896,
    "f1": 0.42424242424242425,
    "mcc": -0.11785113019775792,
    "log_loss": 0.6827912462676213
  },
  "Linear SVM": {
    "auc": 0.5224913494809689,
    "pr_auc": 0.6004914817438896,
    "f1": 0.4375,
    "mcc": -0.05923488777590923,
    "log_loss": 0.683550368167009
  },
  "Random Forest": {
    "auc": 0.5622837370242215,
    "pr_auc": 0.6197583590678523,
    "f1": 0.5714285714285714,
    "mcc": 0.11785113019775792,
    "log_loss": 0.7298404341376722
  },
  "Gradient Boosting": {
    "auc": 0.6072664359861591,
    "pr_auc": 0.6415184461995054,
    "f1": 0.5555555555555556,
    "mcc": 0.05923488777590923,
    "log_loss": 0.8675685651595819
  }
}