{
  "AUC_S": 0.46363421550094525,
  "AUC_N": 0.5531663516068053,
  "AUC_SN": 0.5814981096408317
}