{
  "AUC_S": 0.46059027777777767,
  "AUC_N": 0.575,
  "AUC_SN": 0.5770833333333334
}