{
  "all_features": 0.5736111111111111,
  "without_temporal_indegree": 0.49930555555555556,
  "without_citation_time_gap": 0.34930555555555554,
  "without_temporal_pagerank": 0.5817708333333333,
  "without_directional_similarity": 0.5928819444444444
}