{
  "Logistic Regression": {
    "auc": 0.453125,
    "pr_auc": 0.5500457875457876,
    "f1": 0.4,
    "mcc": -0.1259881576697424,
    "log_loss": 0.6989716503081933
  },
  "Linear SVM": {
    "auc": 0.40625,
    "pr_auc": 0.46019570707070706,
    "f1": 0.6363636363636364,
    "mcc": 0.0,
    "log_loss": 0.6965629201235263
  },
  "Random Forest": {
    "auc": 0.6171875,
    "pr_auc": 0.5842463092463093,
    "f1": 0.5882352941176471,
    "mcc": 0.1259881576697424,
    "log_loss": 0.6999924604076465
  },
  "Gradient Boosting": {
    "auc": 0.6484375,
    "pr_auc": 0.6918470418470419,
    "f1": 0.6666666666666666,
    "mcc": 0.2581988897471611,
    "log_loss": 1.4982284241789432
  }
}