{
  "AUC_S": 0.48494809688581314,
  "AUC_N": 0.4610294117647059,
  "AUC_SN": 0.5480103806228375
}