{
  "Logistic Regression": {
    "auc": 0.5180246913580248,
    "pr_auc": 0.5556821284836686,
    "f1": 0.12244897959183673,
    "mcc": 0.10783277320343841,
    "log_loss": 0.6730307173323229
  },
  "Linear SVM": {
    "auc": 0.517037037037037,
    "pr_auc": 0.552018193917319,
    "f1": 0.125,
    "mcc": 0.18569533817705186,
    "log_loss": 0.6773833031388796
  },
  "Random Forest": {
    "auc": 0.608641975308642,
    "pr_auc": 0.634356001018418,
    "f1": 0.5063291139240507,
    "mcc": 0.13750477455423168,
    "log_loss": 0.6818506733386624
  },
  "Gradient Boosting": {
    "auc": 0.5795061728395062,
    "pr_auc": 0.6034774472535118,
    "f1": 0.5,
    "mcc": 0.022244202665006454,
    "log_loss": 0.7379356569833582
  }
}