{
  "AUC_S": 0.5283499415204678,
  "AUC_N": 0.6239466666666666,
  "AUC_SN": 0.6851978947368421
}