{
  "Logistic Regression": {
    "auc": 0.539810080350621,
    "pr_auc": 0.5229334371492669,
    "f1": 0.463768115942029,
    "mcc": 0.0,
    "log_loss": 0.6930874884295635
  },
  "Linear SVM": {
    "auc": 0.5624543462381301,
    "pr_auc": 0.5685271914108663,
    "f1": 0.6052631578947368,
    "mcc": 0.18946618668626838,
    "log_loss": 0.6886361650783975
  },
  "Random Forest": {
    "auc": 0.5609934258582907,
    "pr_auc": 0.5461325196542477,
    "f1": 0.5675675675675675,
    "mcc": 0.13513513513513514,
    "log_loss": 0.7285913724865126
  },
  "Gradient Boosting": {
    "auc": 0.5821767713659606,
    "pr_auc": 0.5768133954506822,
    "f1": 0.547945205479452,
    "mcc": 0.10814761408717502,
    "log_loss": 0.7443274184762321
  }
}