{
  "AUC_S": 0.5822760476739716,
  "AUC_N": 0.4995386389850057,
  "AUC_SN": 0.531757016532103
}