{
  "Logistic Regression": {
    "auc": 0.582766439909297,
    "pr_auc": 0.6372593291703328,
    "f1": 0.5,
    "mcc": 0.047836487323493986,
    "log_loss": 0.6649459782189259
  },
  "Linear SVM": {
    "auc": 0.5034013605442177,
    "pr_auc": 0.48568452850556926,
    "f1": 0.30303030303030304,
    "mcc": -0.10540925533894598,
    "log_loss": 0.7033013637776513
  },
  "Random Forest": {
    "auc": 0.6666666666666666,
    "pr_auc": 0.6408438145441127,
    "f1": 0.6530612244897959,
    "mcc": 0.20203050891044214,
    "log_loss": 0.6384940419251014
  },
  "Gradient Boosting": {
    "auc": 0.5487528344671202,
    "pr_auc": 0.5207357371408682,
    "f1": 0.5333333333333333,
    "mcc": 0.0,
    "log_loss": 1.4026146859747888
  }
}