{
  "Logistic Regression": {
    "auc": 0.5088667820069204,
    "pr_auc": 0.5882846030727944,
    "f1": 0.4406779661016949,
    "mcc": 0.030499714066520932,
    "log_loss": 0.6591734300077695
  },
  "Linear SVM": {
    "auc": 0.5121107266435987,
    "pr_auc": 0.5948814908603123,
    "f1": 0.4827586206896552,
    "mcc": 0.12309149097933274,
    "log_loss": 0.6629012503628562
  },
  "Random Forest": {
    "auc": 0.5538494809688581,
    "pr_auc": 0.584569310205425,
    "f1": 0.5492957746478874,
    "mcc": 0.05905385953574926,
    "log_loss": 0.7566464083575903
  },
  "Gradient Boosting": {
    "auc": 0.5240051903114187,
    "pr_auc": 0.5708850317471759,
    "f1": 0.45925925925925926,
    "mcc": -0.07353736389924108,
    "log_loss": 0.8653425693644415
  }
}