{
  "AUC_S": 0.4666729634002362,
  "AUC_N": 0.4822243211334121,
  "AUC_SN": 0.544517119244392
}