{
  "AUC_S": 0.4457406962785114,
  "AUC_N": 0.4589123649459784,
  "AUC_SN": 0.5546578631452581
}