{
  "Logistic Regression": {
    "auc": 0.5151909722222222,
    "pr_auc": 0.5373801479536888,
    "f1": 0.4235294117647059,
    "mcc": -0.021402925123634755,
    "log_loss": 0.6929236965397546
  },
  "Linear SVM": {
    "auc": 0.5286458333333334,
    "pr_auc": 0.5132187721931778,
    "f1": 0.26865671641791045,
    "mcc": -0.026144349280800106,
    "log_loss": 0.6934314398773607
  },
  "Random Forest": {
    "auc": 0.5377604166666666,
    "pr_auc": 0.5405293494460198,
    "f1": 0.4943820224719101,
    "mcc": 0.06317539727139919,
    "log_loss": 0.8010204744889483
  },
  "Gradient Boosting": {
    "auc": 0.5275607638888888,
    "pr_auc": 0.5608699394413561,
    "f1": 0.35443037974683544,
    "mcc": -0.06683188790311695,
    "log_loss": 1.3030658422837633
  }
}