{
  "AUC_S": 0.5282258064516129,
  "AUC_N": 0.5501971326164875,
  "AUC_SN": 0.6264372759856631
}