{
  "Logistic Regression": {
    "auc": 0.5454545454545455,
    "pr_auc": 0.5245836023700154,
    "f1": 0.43243243243243246,
    "mcc": 0.04794633014853841,
    "log_loss": 0.6929200416883488
  },
  "Linear SVM": {
    "auc": 0.5516528925619835,
    "pr_auc": 0.5430842296337582,
    "f1": 0.47058823529411764,
    "mcc": 0.2041241452319315,
    "log_loss": 0.6928724686518746
  },
  "Random Forest": {
    "auc": 0.6807851239669421,
    "pr_auc": 0.6720274317812556,
    "f1": 0.6666666666666666,
    "mcc": 0.31851102863530306,
    "log_loss": 0.667598687575537
  },
  "Gradient Boosting": {
    "auc": 0.6508264462809917,
    "pr_auc": 0.686481308898544,
    "f1": 0.5714285714285714,
    "mcc": 0.18257418583505536,
    "log_loss": 1.013192136773731
  }
}