{
  "Logistic Regression": {
    "auc": 0.5820408163265306,
    "pr_auc": 0.6258204800179791,
    "f1": 0.46153846153846156,
    "mcc": 0.23320381162846934,
    "log_loss": 0.6628171199444755
  },
  "Linear SVM": {
    "auc": 0.593469387755102,
    "pr_auc": 0.6316649999186998,
    "f1": 0.32653061224489793,
    "mcc": 0.07142857142857142,
    "log_loss": 0.6690247261023341
  },
  "Random Forest": {
    "auc": 0.5118367346938775,
    "pr_auc": 0.5912747800650708,
    "f1": 0.4927536231884058,
    "mcc": 0.0,
    "log_loss": 0.7262401841275058
  },
  "Gradient Boosting": {
    "auc": 0.5628571428571428,
    "pr_auc": 0.6162695197712571,
    "f1": 0.5714285714285714,
    "mcc": 0.058321184351980436,
    "log_loss": 1.1957442737383657
  }
}