{
  "AUC_S": 0.4806162287643769,
  "AUC_N": 0.5919383771235622,
  "AUC_SN": 0.6044423340719638
}