{
  "AUC_S": 0.496236862745098,
  "AUC_N": 0.6556439215686274,
  "AUC_SN": 0.6717913725490197
}