{
  "Logistic Regression": {
    "auc": 0.4685714285714285,
    "pr_auc": 0.5107790953069365,
    "f1": 0.3548387096774194,
    "mcc": -0.1467418177209373,
    "log_loss": 0.6880324175478723
  },
  "Linear SVM": {
    "auc": 0.5183673469387755,
    "pr_auc": 0.5413686694991097,
    "f1": 0.5,
    "mcc": 0.028618190351607124,
    "log_loss": 0.6980776308076941
  },
  "Random Forest": {
    "auc": 0.5971428571428571,
    "pr_auc": 0.6037892459068346,
    "f1": 0.5945945945945946,
    "mcc": 0.14379932713576268,
    "log_loss": 0.7040744507712333
  },
  "Gradient Boosting": {
    "auc": 0.6012244897959185,
    "pr_auc": 0.5921838423330176,
    "f1": 0.5675675675675675,
    "mcc": 0.08627959628145762,
    "log_loss": 0.9691527240313409
  }
}