{
  "all_features": 0.673436862745098,
  "without_temporal_indegree": 0.6553403921568629,
  "without_citation_time_gap": 0.48486196078431376,
  "without_temporal_pagerank": 0.6718086274509805,
  "without_directional_similarity": 0.6312572549019608
}