{
  "AUC_S": 0.89039780521262,
  "AUC_N": 0.4282284930433079,
  "AUC_SN": 0.9019008426415833
}