{
  "Logistic Regression": {
    "auc": 0.9484126984126984,
    "pr_auc": 0.9595958036340935,
    "f1": 0.891566265060241,
    "mcc": 0.7859370885787426,
    "log_loss": 0.2992231520804368
  },
  "Linear SVM": {
    "auc": 0.9484126984126984,
    "pr_auc": 0.9595958036340935,
    "f1": 0.875,
    "mcc": 0.7653837971759038,
    "log_loss": 0.3431084291371364
  },
  "Random Forest": {
    "auc": 0.9143990929705216,
    "pr_auc": 0.9289641124472222,
    "f1": 0.7710843373493976,
    "mcc": 0.5477743344639721,
    "log_loss": 0.4189822660860883
  },
  "Gradient Boosting": {
    "auc": 0.7227891156462585,
    "pr_auc": 0.7585334338456406,
    "f1": 0.68,
    "mcc": 0.2575131013123024,
    "log_loss": 1.306634842903279
  }
}