{
  "Logistic Regression": {
    "auc": 0.76,
    "pr_auc": 0.7595238095238095,
    "f1": 0.7272727272727273,
    "mcc": 0.408248290463863,
    "log_loss": 0.6516183222786637
  },
  "Linear SVM": {
    "auc": 0.76,
    "pr_auc": 0.7595238095238095,
    "f1": 0.7272727272727273,
    "mcc": 0.408248290463863,
    "log_loss": 0.6687648001055593
  },
  "Random Forest": {
    "auc": 0.74,
    "pr_auc": 0.7892857142857144,
    "f1": 0.5454545454545454,
    "mcc": 0.0,
    "log_loss": 0.5908459647246902
  },
  "Gradient Boosting": {
    "auc": 0.74,
    "pr_auc": 0.6683333333333333,
    "f1": 0.6666666666666666,
    "mcc": 0.2182178902359924,
    "log_loss": 1.0179382113961473
  }
}