{
  "AUC_S": 0.5223140495867769,
  "AUC_N": 0.693939393939394,
  "AUC_SN": 0.7037878787878787
}