{
  "AUC_S": 0.46693103448275863,
  "AUC_N": 0.4902375478927203,
  "AUC_SN": 0.5169195402298851
}