{
  "Logistic Regression": {
    "auc": 0.49826989619377166,
    "pr_auc": 0.5288210493572028,
    "f1": 0.1,
    "mcc": -0.10369516947304253,
    "log_loss": 0.6941338206155848
  },
  "Linear SVM": {
    "auc": 0.4913494809688581,
    "pr_auc": 0.5623716964545626,
    "f1": 0.4,
    "mcc": 0.1386750490563073,
    "log_loss": 0.6947997000285322
  },
  "Random Forest": {
    "auc": 0.5674740484429066,
    "pr_auc": 0.5361505427023706,
    "f1": 0.41379310344827586,
    "mcc": 0.0,
    "log_loss": 0.7475702745376512
  },
  "Gradient Boosting": {
    "auc": 0.5086505190311419,
    "pr_auc": 0.4896775116587596,
    "f1": 0.4,
    "mcc": -0.06052275326688024,
    "log_loss": 1.0255892915584546
  }
}