{
  "Logistic Regression": {
    "mean": {
      "auc": 0.8719452529113874,
      "pr_auc": 0.8892899974197075,
      "f1": 0.7757432077201012,
      "recall": 0.7305035240008293,
      "precision": 0.8269591923621951,
      "accuracy": 0.7888230360218085,
      "log_loss": 0.4559249641583765,
      "mcc": 0.5816171987334477,
      "brier": 0.1460963956534687
    },
    "std": {
      "auc": 0.0006430689873354055,
      "pr_auc": 0.0007841031933432417,
      "f1": 0.0011690385449887187,
      "recall": 0.0019755010972998294,
      "precision": 0.00041366135660967143,
      "accuracy": 0.0008599559023917555,
      "log_loss": 0.0020898291121312865,
      "mcc": 0.0015888203301761147,
      "brier": 0.0004955743040807256
    }
  },
  "Linear SVM": {
    "mean": {
      "auc": 0.8677452732937383,
      "pr_auc": 0.8815561359910559,
      "f1": 0.770148790210651,
      "recall": 0.7232537972638439,
      "precision": 0.8235483898618661,
      "accuracy": 0.7841454530853064,
      "log_loss": 0.4652499417222825,
      "mcc": 0.5725532888413559,
      "brier": 0.15181866102924485
    },
    "std": {
      "auc": 0.0005247862280437879,
      "pr_auc": 0.0005819388728033112,
      "f1": 0.0007809104105316101,
      "recall": 0.0013847130562834866,
      "precision": 0.0002872554022185406,
      "accuracy": 0.0005485821315528893,
      "log_loss": 0.0015398176267728025,
      "mcc": 0.0009963258259326555,
      "brier": 0.00039598067589259145
    }
  },
  "Random Forest": {
    "mean": {
      "auc": 0.8741261662154132,
      "pr_auc": 0.885759529231896,
      "f1": 0.788242453862191,
      "recall": 0.774865810015936,
      "precision": 0.802092224181747,
      "accuracy": 0.7918377139104356,
      "log_loss": 0.5824601727459807,
      "mcc": 0.5840139765643906,
      "brier": 0.14769255914610818
    },
    "std": {
      "auc": 0.001014525213503725,
      "pr_auc": 0.0009047693305130645,
      "f1": 0.0011807448766838436,
      "recall": 0.002130707635321214,
      "precision": 0.0006673448637403727,
      "accuracy": 0.0009348666183945534,
      "log_loss": 0.0014092131513941688,
      "mcc": 0.0018320152768203344,
      "brier": 0.0006653218873367195
    }
  },
  "Gradient Boosting": {
    "mean": {
      "auc": 0.8948525168616392,
      "pr_auc": 0.9062947692937522,
      "f1": 0.8012653843254437,
      "recall": 0.7740169785742238,
      "precision": 0.8305053137923242,
      "accuracy": 0.8080242381936575,
      "log_loss": 0.4006695870828575,
      "mcc": 0.6174802320049538,
      "brier": 0.13069922837173942
    },
    "std": {
      "auc": 0.0006068326861328853,
      "pr_auc": 0.0006609311802627189,
      "f1": 0.0008978243462887053,
      "recall": 0.0015512127375559104,
      "precision": 0.0011534819648298337,
      "accuracy": 0.0008040767712983902,
      "log_loss": 0.0012014741490484972,
      "mcc": 0.0016028079116641642,
      "brier": 0.00042428163402278044
    }
  }
}