{
  "2005-2010": {
    "Logistic Regression": {
      "auc": 0.8664647798597919,
      "pr_auc": 0.8785789031731714,
      "f1": 0.7853131937491838,
      "recall": 0.7799489862089836,
      "precision": 0.7907516984440062,
      "accuracy": 0.7872303710094909,
      "log_loss": 0.4843331700521992,
      "mcc": 0.5744999666003517,
      "brier": 0.15239767532665327
    },
    "Linear SVM": {
      "auc": 0.8614882876951635,
      "pr_auc": 0.8729621641674039,
      "f1": 0.7845217049695541,
      "recall": 0.7770092084215987,
      "precision": 0.7921808885754584,
      "accuracy": 0.7870362381363244,
      "log_loss": 0.4865042946617667,
      "mcc": 0.5741582373133991,
      "brier": 0.15588346768372663
    },
    "Random Forest": {
      "auc": 0.8612032259984055,
      "pr_auc": 0.8733489379841171,
      "f1": 0.781744920166347,
      "recall": 0.7842289568112057,
      "precision": 0.779276570152075,
      "accuracy": 0.7815142364106988,
      "log_loss": 0.5252761061357397,
      "mcc": 0.5630436998599035,
      "brier": 0.15220402331168745
    },
    "Gradient Boosting": {
      "auc": 0.8731935425977435,
      "pr_auc": 0.8865491013925804,
      "f1": 0.7816315266585716,
      "recall": 0.7652933292983443,
      "precision": 0.7986825482764844,
      "accuracy": 0.7866479723899914,
      "log_loss": 0.4369975330368502,
      "mcc": 0.573755971423128,
      "brier": 0.14400413131626583
    }
  },
  "2010-2015": {
    "Logistic Regression": {
      "auc": 0.8753981728547204,
      "pr_auc": 0.8894276640042834,
      "f1": 0.7874480325872423,
      "recall": 0.771380970011107,
      "precision": 0.8041986533430544,
      "accuracy": 0.7926188451965133,
      "log_loss": 0.4541772503148232,
      "mcc": 0.5856476187446578,
      "brier": 0.1442232543202444
    },
    "Linear SVM": {
      "auc": 0.8673899056191153,
      "pr_auc": 0.8790164593122962,
      "f1": 0.7848442148113355,
      "recall": 0.7732938417869925,
      "precision": 0.7967448661707673,
      "accuracy": 0.7888596392391449,
      "log_loss": 0.46601821121313525,
      "mcc": 0.5779113678022235,
      "brier": 0.15004845801286695
    },
    "Random Forest": {
      "auc": 0.8729313890612194,
      "pr_auc": 0.8853799306571262,
      "f1": 0.7855365426561396,
      "recall": 0.7889053436998642,
      "precision": 0.7821963903334354,
      "accuracy": 0.7854794267979145,
      "log_loss": 0.5080036321370779,
      "mcc": 0.5709874850671486,
      "brier": 0.1453156848915474
    },
    "Gradient Boosting": {
      "auc": 0.8900568037137725,
      "pr_auc": 0.9023815885261609,
      "f1": 0.7940715282998604,
      "recall": 0.7603768151713357,
      "precision": 0.8308909466870449,
      "accuracy": 0.8035994140965101,
      "log_loss": 0.40832613526688244,
      "mcc": 0.6092413505771589,
      "brier": 0.13337603275300175
    }
  },
  "2015-2020": {
    "Logistic Regression": {
      "auc": 0.8761304261031337,
      "pr_auc": 0.8912101281284505,
      "f1": 0.7813929938925983,
      "recall": 0.7455825694167663,
      "precision": 0.8208169343686842,
      "accuracy": 0.7919417405551272,
      "log_loss": 0.4492298473459165,
      "mcc": 0.5862404323497632,
      "brier": 0.1428964686278576
    },
    "Linear SVM": {
      "auc": 0.8683750384378051,
      "pr_auc": 0.8804661257662132,
      "f1": 0.7763795136884897,
      "recall": 0.7473579960626593,
      "precision": 0.8077460284308222,
      "accuracy": 0.7852857555898227,
      "log_loss": 0.4633258476427881,
      "mcc": 0.5720807915580998,
      "brier": 0.14949041059414567
    },
    "Random Forest": {
      "auc": 0.8751957769758792,
      "pr_auc": 0.8891309083393567,
      "f1": 0.7855008765648535,
      "recall": 0.7684336388999602,
      "precision": 0.8033434765590475,
      "accuracy": 0.7906948727833462,
      "log_loss": 0.49697926543145,
      "mcc": 0.5818879250151741,
      "brier": 0.14344082788814466
    },
    "Gradient Boosting": {
      "auc": 0.8947649588765261,
      "pr_auc": 0.906899663935344,
      "f1": 0.7991290698263204,
      "recall": 0.762443083686607,
      "precision": 0.8395239045149279,
      "accuracy": 0.8088377023901311,
      "log_loss": 0.4019519557929284,
      "mcc": 0.6201914644932371,
      "brier": 0.1303384695585829
    }
  },
  "2018-2025": {
    "Logistic Regression": {
      "auc": 0.8675030536420005,
      "pr_auc": 0.8819435553425126,
      "f1": 0.7705365659360817,
      "recall": 0.7239195836390225,
      "precision": 0.8235706003282564,
      "accuracy": 0.7839770078079707,
      "log_loss": 0.4647586319098674,
      "mcc": 0.5722795488745976,
      "brier": 0.14957042124742986
    },
    "Linear SVM": {
      "auc": 0.859494494520254,
      "pr_auc": 0.869318175612946,
      "f1": 0.7662292531120332,
      "recall": 0.7273958235882083,
      "precision": 0.809442925476831,
      "accuracy": 0.7776220843458204,
      "log_loss": 0.4794136816712256,
      "mcc": 0.5582206190747919,
      "brier": 0.15536209131555728
    },
    "Random Forest": {
      "auc": 0.8635882417542157,
      "pr_auc": 0.8766217459898288,
      "f1": 0.7615344492389398,
      "recall": 0.7116936575854411,
      "precision": 0.8188817567376168,
      "accuracy": 0.7766846344562174,
      "log_loss": 0.5410080236233753,
      "mcc": 0.5583082981948645,
      "brier": 0.15357779771570937
    },
    "Gradient Boosting": {
      "auc": 0.8712363316634897,
      "pr_auc": 0.889431857493375,
      "f1": 0.7685078358502705,
      "recall": 0.6969614905486649,
      "precision": 0.8564237224554992,
      "accuracy": 0.7896288438529191,
      "log_loss": 0.4651832107015112,
      "mcc": 0.5897649840652297,
      "brier": 0.14865873428856882
    }
  }
}