{
  "prestige_cited": 0.8104621699756135,
  "common_citers": 0.5125159309737357,
  "indegree_velocity": 0.4953939267009416,
  "temporal_gap": 0.42926493683454997,
  "jaccard_refs": 0.3709853179926516,
  "pagerank_cited": 0.2428195324962706,
  "journal_prestige": 0.17929077428649823,
  "author_productivity": 0.14304071864856005,
  "common_refs": 0.12154568252016207
}