{
  "Logistic Regression": {
    "auc": 0.8658440237907242,
    "pr_auc": 0.8853768212378421,
    "f1": 0.7435512727957563,
    "mcc": 0.5997447438749864
  },
  "Linear SVM": {
    "auc": 0.8607746837267741,
    "pr_auc": 0.8836187504159188,
    "f1": 0.7141323839317268,
    "mcc": 0.5840153822351377
  },
  "Random Forest": {
    "auc": 0.8849515695156415,
    "pr_auc": 0.8906337025056884,
    "f1": 0.7959200442616036,
    "mcc": 0.6086946808912976
  },
  "Gradient Boosting": {
    "auc": 0.8911269932198144,
    "pr_auc": 0.9025125857084207,
    "f1": 0.7998061076102763,
    "mcc": 0.6188166876251461
  }
}